10, 0.318089
20, 0.139098
30, 0.0889275
40, 0.0645428
50, 0.047356
60, 0.0552499
70, 0.0989543
80, 0.079547
90, 0.067813
100, 0.0567659
110, 0.0488969
120, 0.0432925
130, 0.0381555
140, 0.0342502
150, 0.0307561
160, 0.0278655
170, 0.0265126
180, 0.0247767
190, 0.0229759
200, 0.0212191
210, 0.019613
220, 0.0184066
230, 0.0188218
240, 0.0176473
250, 0.0167159
260, 0.0157235
270, 0.0148451
280, 0.0141548
290, 0.0134823
300, 0.0128823
310, 0.0122212
320, 0.0117452
330, 0.0112227
340, 0.0108228
350, 0.0104051
360, 0.0100447
370, 0.00973163
380, 0.00943198
390, 0.00913131
400, 0.00883024
410, 0.00851319
420, 0.00825325
430, 0.00800938
440, 0.00775127
450, 0.00748888
460, 0.00725679
470, 0.00702845
480, 0.0068432
490, 0.00671079
500, 0.00677719
510, 0.00657898
520, 0.00641915
530, 0.00627176
540, 0.00609927
550, 0.00595755
560, 0.00582634
570, 0.00570012
580, 0.00602482
590, 0.0058885
600, 0.00574507
610, 0.00561651
620, 0.00549671
630, 0.00536415
640, 0.0123707
650, 0.0120663
660, 0.0117537
670, 0.011507
680, 0.0112267
690, 0.0109379
700, 0.0107413
710, 0.0104707
720, 0.0102197
730, 0.00998138
740, 0.00974663
750, 0.0095277
760, 0.00932156
770, 0.00911141
780, 0.00891928
790, 0.00882188
800, 0.00863331
810, 0.00845241
820, 0.00827431
830, 0.00811202
840, 0.00795268
850, 0.00778873
860, 0.00769111
870, 0.0135589
880, 0.0132807
890, 0.0130175
900, 0.0129131
910, 0.012658
920, 0.0124268
930, 0.012184
940, 0.0119479
950, 0.0117248
960, 0.0115027
970, 0.0113157
980, 0.0111201
990, 0.0110368
1000, 0.0108306
1010, 0.0106408
1020, 0.010456
1030, 0.0102677
1040, 0.0100874
1050, 0.00992559
1060, 0.00976715
1070, 0.00960297
1080, 0.00944791
1090, 0.00929365
1100, 0.00915015
1110, 0.00900586
1120, 0.00885963
1130, 0.00873639
1140, 0.00859628
1150, 0.00846197
1160, 0.00833401
1170, 0.00820826
1180, 0.00808502
1190, 0.00796831
1200, 0.00785108
1210, 0.00779452
1220, 0.00769268
1230, 0.00759285
1240, 0.00748423
1250, 0.00737613
1260, 0.00727654
1270, 0.00717375
1280, 0.00708062
1290, 0.00698006
1300, 0.00688116
1310, 0.00679176
1320, 0.00670329
1330, 0.00661335
1340, 0.00652985
1350, 0.00644567
1360, 0.00636456
1370, 0.00627665
1380, 0.00619497
1390, 0.0061327
1400, 0.00605863
1410, 0.00598623
1420, 0.0059239
1430, 0.00585872
1440, 0.00578815
1450, 0.00575646
1460, 0.00569605
1470, 0.00562931
1480, 0.00556465
1490, 0.00550233
1500, 0.00543847
1510, 0.00544785
1520, 0.00538219
1530, 0.00532742
1540, 0.00526448
1550, 0.00527483
1560, 0.00521418
1570, 0.00515443
1580, 0.00510108
1590, 0.00504577
1600, 0.00498824
1610, 0.00493679
1620, 0.00488539
1630, 0.00483046
1640, 0.00477736
1650, 0.00472566
1660, 0.00467692
1670, 0.00462725
1680, 0.00457935
1690, 0.00453218
1700, 0.00449096
1710, 0.00444642
1720, 0.00440534
1730, 0.00436173
1740, 0.00431556
1750, 0.00428524
1760, 0.00424193
1770, 0.00419966
1780, 0.00416232
1790, 0.00413098
1800, 0.00409211
1810, 0.00405157
1820, 0.00411704
1830, 0.00408015
1840, 0.00404017
1850, 0.00400271
1860, 0.00396496
1870, 0.00392948
1880, 0.0038915
1890, 0.00386364
1900, 0.00382827
1910, 0.0037952
1920, 0.00376052
1930, 0.00373221
1940, 0.00386243
1950, 0.00382768
1960, 0.00379322
1970, 0.00375942
1980, 0.00374919
1990, 0.00371538
2000, 0.00368468
2010, 0.00365316
2020, 0.00362289
2030, 0.00359085
2040, 0.00356092
2050, 0.00352963
2060, 0.00350083
2070, 0.00347206
2080, 0.00344515
2090, 0.00341647
2100, 0.00338833
2110, 0.0033616
2120, 0.0033352
2130, 0.00330854
2140, 0.00335108
2150, 0.0033251
2160, 0.00329954
2170, 0.00333773
2180, 0.00331185
2190, 0.00333949
2200, 0.00331355
2210, 0.00328907
2220, 0.00326295
2230, 0.00323687
2240, 0.00321272
2250, 0.00319493
2260, 0.00333024
2270, 0.0033084
2280, 0.00328363
2290, 0.00325881
2300, 0.00323447
2310, 0.00332415
2320, 0.00329905
2330, 0.00327741
2340, 0.00325224
2350, 0.00322821
2360, 0.00320521
2370, 0.00318156
2380, 0.00315911
2390, 0.00314011
2400, 0.00311679
2410, 0.00309563
2420, 0.00307711
2430, 0.00305564
2440, 0.00303734
2450, 0.00301634
2460, 0.00299473
2470, 0.00297468
2480, 0.00320314
2490, 0.0031835
2500, 0.00316146
2510, 0.00314643
2520, 0.00312439
