10, 0.00133277
20, 0.000673312
30, 0.000449699
40, 0.000337142
50, 0.000269822
60, 0.000224848
70, 0.000192701
80, 0.000168617
90, 0.00014989
100, 0.000134894
110, 0.00012261
120, 0.000112398
130, 0.000103765
140, 9.63319e-05
150, 8.99147e-05
160, 8.43032e-05
170, 7.93644e-05
180, 7.49497e-05
190, 7.1006e-05
200, 6.7464e-05
210, 6.42476e-05
220, 6.13208e-05
230, 5.86527e-05
240, 5.62187e-05
250, 5.39737e-05
260, 5.18961e-05
270, 4.99794e-05
280, 4.81913e-05
290, 4.65314e-05
300, 4.4978e-05
310, 4.35257e-05
320, 4.21636e-05
330, 4.08886e-05
340, 3.96842e-05
350, 3.8553e-05
360, 3.74813e-05
370, 3.64668e-05
380, 3.55087e-05
390, 3.45962e-05
400, 3.3733e-05
410, 3.29088e-05
420, 3.21254e-05
430, 3.13777e-05
440, 3.06653e-05
450, 2.99837e-05
460, 2.93319e-05
470, 2.87091e-05
480, 2.8111e-05
490, 2.75379e-05
500, 2.69874e-05
510, 2.64591e-05
520, 2.59488e-05
530, 2.54584e-05
540, 2.49875e-05
550, 2.45339e-05
560, 2.4096e-05
570, 2.36737e-05
580, 2.32652e-05
590, 2.28713e-05
600, 2.24903e-05
610, 2.21216e-05
620, 2.17658e-05
630, 2.142e-05
640, 2.10861e-05
650, 2.07615e-05
660, 2.04475e-05
670, 2.01425e-05
680, 1.98458e-05
690, 1.95578e-05
700, 1.92783e-05
710, 1.90067e-05
720, 1.8743e-05
730, 1.84862e-05
740, 1.82367e-05
750, 1.79933e-05
760, 1.77568e-05
770, 1.75254e-05
780, 1.73016e-05
790, 1.70819e-05
800, 1.68684e-05
810, 1.66603e-05
820, 1.64571e-05
830, 1.62584e-05
840, 1.60646e-05
850, 1.58757e-05
860, 1.56907e-05
870, 1.55102e-05
880, 1.53343e-05
890, 1.51624e-05
900, 1.49933e-05
910, 1.48289e-05
920, 1.46673e-05
930, 1.45097e-05
940, 1.43553e-05
950, 1.42039e-05
960, 1.40555e-05
970, 1.39106e-05
980, 1.37687e-05
990, 1.36294e-05
1000, 1.3493e-05
1010, 1.33593e-05
1020, 1.32281e-05
1030, 1.30998e-05
1040, 1.29737e-05
1050, 1.28504e-05
1060, 1.27298e-05
1070, 1.26106e-05
1080, 1.24939e-05
1090, 1.23794e-05
1100, 1.22666e-05
1110, 1.21561e-05
1120, 1.20474e-05
1130, 1.19407e-05
1140, 1.1836e-05
1150, 1.1733e-05
1160, 1.16319e-05
1170, 1.15324e-05
1180, 1.14347e-05
1190, 1.13384e-05
1200, 1.1244e-05
1210, 1.11508e-05
1220, 1.1059e-05
1230, 1.09694e-05
1240, 1.08809e-05
1250, 1.07939e-05
1260, 1.07079e-05
1270, 1.06238e-05
1280, 1.05403e-05
1290, 1.04586e-05
1300, 1.03781e-05
1310, 1.02994e-05
1320, 1.02212e-05
1330, 1.01446e-05
1340, 1.00689e-05
1350, 9.99421e-06
1360, 9.92073e-06
1370, 9.84839e-06
1380, 9.77675e-06
1390, 9.70634e-06
1400, 9.63714e-06
1410, 9.56859e-06
1420, 9.50128e-06
1430, 9.43465e-06
1440, 9.36887e-06
1450, 9.3045e-06
1460, 9.2407e-06
1470, 9.17773e-06
1480, 9.1157e-06
1490, 9.05477e-06
1500, 8.99431e-06
1510, 8.93468e-06
1520, 8.87594e-06
1530, 8.81839e-06
1540, 8.76097e-06
1550, 8.70451e-06
1560, 8.64864e-06
1570, 8.59359e-06
1580, 8.53937e-06
1590, 8.4856e-06
1600, 8.43261e-06
1610, 8.38023e-06
1620, 8.32847e-06
1630, 8.27729e-06
1640, 8.22675e-06
1650, 8.17698e-06
1660, 8.12763e-06
1670, 8.07892e-06
1680, 8.03095e-06
1690, 7.98345e-06
1700, 7.93633e-06
1710, 7.88998e-06
1720, 7.84392e-06
1730, 7.79862e-06
1740, 7.75375e-06
1750, 7.70938e-06
1760, 7.66571e-06
1770, 7.62229e-06
1780, 7.57965e-06
1790, 7.53716e-06
1800, 7.49546e-06
1810, 7.45395e-06
1820, 7.41298e-06
1830, 7.37264e-06
1840, 7.33258e-06
1850, 7.29279e-06
1860, 7.2535e-06
1870, 7.21467e-06
1880, 7.17626e-06
1890, 7.1384e-06
1900, 7.10075e-06
1910, 7.06371e-06
1920, 7.027e-06
1930, 6.99059e-06
1940, 6.9546e-06
1950, 6.91881e-06
1960, 6.88343e-06
1970, 6.84872e-06
1980, 6.81406e-06
1990, 6.77982e-06
2000, 6.7461e-06
2010, 6.71237e-06
2020, 6.67908e-06
2030, 6.6463e-06
2040, 6.61368e-06
2050, 6.5814e-06
