10, 0.0216384
20, 0.010851
30, 0.00724169
40, 0.00539996
50, 0.0043539
60, 0.00363066
70, 0.00311853
80, 0.00272928
90, 0.00243354
100, 0.00218647
110, 0.00198922
120, 0.00182033
130, 0.00168465
140, 0.00156543
150, 0.00146112
160, 0.00136778
170, 0.00128571
180, 0.00121684
190, 0.00115124
200, 0.00109541
210, 0.00104205
220, 0.000992704
230, 0.000948535
240, 0.000909396
250, 0.000873343
260, 0.000840593
270, 0.000809787
280, 0.00078049
290, 0.00075427
300, 0.000728057
310, 0.000704658
320, 0.000683024
330, 0.000661287
340, 0.00064213
350, 0.000624713
360, 0.000607558
370, 0.000591309
380, 0.000575864
390, 0.000561053
400, 0.000546717
410, 0.000533539
420, 0.000520446
430, 0.000508177
440, 0.000496385
450, 0.00048562
460, 0.000474619
470, 0.000464426
480, 0.000454834
490, 0.000445572
500, 0.000436908
510, 0.000428276
520, 0.00042016
530, 0.000412268
540, 0.000404723
550, 0.000397427
560, 0.00039023
570, 0.000383436
580, 0.00037673
590, 0.000370241
600, 0.000364078
610, 0.000358087
620, 0.000352262
630, 0.000346751
640, 0.000341412
650, 0.000336168
660, 0.000331196
670, 0.000326189
680, 0.000321396
690, 0.000316766
700, 0.00031229
710, 0.000307968
720, 0.000303617
730, 0.0002994
740, 0.000295313
750, 0.000291396
760, 0.000287499
770, 0.000283818
780, 0.00028024
790, 0.000276762
800, 0.000273194
810, 0.000269836
820, 0.000266541
830, 0.00026335
840, 0.000260177
850, 0.000257156
860, 0.000254215
870, 0.000251299
880, 0.000248462
890, 0.000245714
900, 0.000243001
910, 0.000240302
920, 0.000237712
930, 0.00023516
940, 0.000232677
950, 0.000230229
960, 0.000227816
970, 0.000225489
980, 0.000223204
990, 0.000220951
1000, 0.000218725
1010, 0.00021656
1020, 0.000214461
1030, 0.000212352
1040, 0.000210318
1050, 0.000208291
1060, 0.000206319
1070, 0.000204382
1080, 0.000202489
1090, 0.00020061
1100, 0.000198814
1110, 0.000197013
1120, 0.000195212
1130, 0.000193507
1140, 0.000191819
1150, 0.00019014
1160, 0.000188477
1170, 0.000186862
1180, 0.00018527
1190, 0.000183723
1200, 0.000182205
1210, 0.000180684
1220, 0.000179191
1230, 0.000177721
1240, 0.000176281
1250, 0.000174892
1260, 0.00017352
1270, 0.000172178
1280, 0.000170829
1290, 0.000169528
1300, 0.000168224
1310, 0.000166954
1320, 0.000165662
1330, 0.000164411
1340, 0.000163206
1350, 0.000161996
1360, 0.000160791
1370, 0.000159609
1380, 0.000158438
1390, 0.000157315
1400, 0.000156204
1410, 0.000155097
1420, 0.000154
1430, 0.00015293
1440, 0.000151857
1450, 0.000150806
1460, 0.000149796
1470, 0.000148794
1480, 0.000147795
1490, 0.000146797
1500, 0.000145822
1510, 0.000144849
1520, 0.000143891
1530, 0.00014294
1540, 0.000142017
1550, 0.000141108
1560, 0.000140199
1570, 0.000139301
1580, 0.00013842
1590, 0.000137542
1600, 0.000136689
1610, 0.000135847
1620, 0.000135016
1630, 0.000134207
1640, 0.000133383
1650, 0.000132573
1660, 0.000131785
1670, 0.000130989
1680, 0.000130207
1690, 0.00012945
1700, 0.000128691
1710, 0.000127949
1720, 0.000127212
1730, 0.000126508
1740, 0.00012579
1750, 0.00012506
1760, 0.000124342
1770, 0.000123658
1780, 0.000122979
1790, 0.000122297
1800, 0.000121623
1810, 0.000120945
1820, 0.0001203
1830, 0.00011964
1840, 0.000118979
1850, 0.000118342
1860, 0.000117721
1870, 0.000117102
1880, 0.000116484
1890, 0.000115878
1900, 0.000115265
1910, 0.000114656
1920, 0.000114066
1930, 0.000113484
1940, 0.000112898
1950, 0.000112323
1960, 0.000111775
1970, 0.000111202
1980, 0.000110647
1990, 0.000110096
2000, 0.000109562
2010, 0.000109033
2020, 0.00010849
