10, 0.0874839
20, 0.0431801
30, 0.0287188
40, 0.0216957
50, 0.0172511
60, 0.014467
70, 0.0123213
80, 0.0107785
90, 0.00955757
100, 0.00859364
110, 0.00780232
120, 0.00716342
130, 0.00675339
140, 0.00628461
150, 0.00586193
160, 0.00548909
170, 0.00515251
180, 0.00489278
190, 0.00462817
200, 0.00438918
210, 0.00417064
220, 0.0039715
230, 0.0037991
240, 0.003649
250, 0.00350279
260, 0.003365
270, 0.00323914
280, 0.00312699
290, 0.00301502
300, 0.00291216
310, 0.00281705
320, 0.00272958
330, 0.00264676
340, 0.00258159
350, 0.00250608
360, 0.00243225
370, 0.00236551
380, 0.00230222
390, 0.00224328
400, 0.00218596
410, 0.00213025
420, 0.00207983
430, 0.00203066
440, 0.00198378
450, 0.00193981
460, 0.0018953
470, 0.00185407
480, 0.00181404
490, 0.00177561
500, 0.00173806
510, 0.00170419
520, 0.00167027
530, 0.00163959
540, 0.0016084
550, 0.00157897
560, 0.00155098
570, 0.00152355
580, 0.00149688
590, 0.00147077
600, 0.00144608
610, 0.00142201
620, 0.00139913
630, 0.00137707
640, 0.00135512
650, 0.00133467
660, 0.0013138
670, 0.00129519
680, 0.00127672
690, 0.00125914
700, 0.00124055
710, 0.00122313
720, 0.00120609
730, 0.00119005
740, 0.00117405
750, 0.00115849
760, 0.00114379
770, 0.00112788
780, 0.00111346
790, 0.00109873
800, 0.00108477
810, 0.00107154
820, 0.00105871
830, 0.00104631
840, 0.00103327
850, 0.00102154
860, 0.00100943
870, 0.000997947
880, 0.000986457
890, 0.000974895
900, 0.000964858
910, 0.000954798
920, 0.000943773
930, 0.000933536
940, 0.000923128
950, 0.000914244
960, 0.000904087
970, 0.000894555
980, 0.000885191
990, 0.000876705
1000, 0.000868091
1010, 0.000859318
1020, 0.000850872
1030, 0.000842858
1040, 0.000834873
1050, 0.000826944
1060, 0.000819261
1070, 0.00081156
1080, 0.000804019
1090, 0.000796549
1100, 0.000789539
1110, 0.000782301
1120, 0.000775085
1130, 0.000768438
1140, 0.000762147
1150, 0.000755373
1160, 0.00074876
1170, 0.000742163
1180, 0.000735882
1190, 0.000729337
1200, 0.000723225
1210, 0.000717161
1220, 0.000711294
1230, 0.00070549
1240, 0.00069967
1250, 0.000694068
1260, 0.000688741
1270, 0.000683178
1280, 0.000677852
1290, 0.000672336
1300, 0.00066746
1310, 0.000662269
1320, 0.000657118
1330, 0.000652082
1340, 0.000647108
1350, 0.000642066
1360, 0.000637191
1370, 0.000632505
1380, 0.000628001
1390, 0.000623408
1400, 0.000618932
1410, 0.000614412
1420, 0.000610036
1430, 0.000606165
1440, 0.000602188
1450, 0.000597852
1460, 0.000593709
1470, 0.000589626
1480, 0.000585663
1490, 0.000581671
1500, 0.000577613
1510, 0.000574018
1520, 0.000570266
1530, 0.000566406
1540, 0.000562665
1550, 0.000559202
1560, 0.00055562
1570, 0.000552038
1580, 0.000548543
1590, 0.000545098
1600, 0.000541728
1610, 0.000538285
1620, 0.00053491
1630, 0.000531685
1640, 0.000528436
1650, 0.000525231
1660, 0.000521804
1670, 0.000518689
1680, 0.000515741
1690, 0.000512558
1700, 0.000509589
1710, 0.000506556
1720, 0.000503753
1730, 0.000500881
1740, 0.000497906
1750, 0.000495019
1760, 0.000492202
1770, 0.00048932
1780, 0.000486499
1790, 0.000483744
1800, 0.000481127
1810, 0.000478598
1820, 0.000475768
1830, 0.00047326
1840, 0.000470641
1850, 0.000468125
1860, 0.000465557
1870, 0.000463092
1880, 0.000460718
1890, 0.000458208
1900, 0.000455702
1910, 0.00045324
1920, 0.000450796
1930, 0.000448569
1940, 0.000446343
1950, 0.000443998
1960, 0.000441717
1970, 0.000439596
1980, 0.000437357
1990, 0.00043514
2000, 0.000432919
2010, 0.000430691
2020, 0.000428651
2030, 0.000426481
2040, 0.000424422
2050, 0.000422344
