10, 0.304233
20, 0.110945
30, 0.0886162
40, 0.961269
50, 0.619315
60, 0.432754
70, 0.342981
80, 0.271741
90, 0.216708
100, 0.176879
110, 0.147049
120, 0.125249
130, 0.108726
140, 0.0947146
150, 0.0857433
160, 0.0773048
170, 0.0700117
180, 0.0631797
190, 0.0575462
200, 0.0522023
210, 0.0477837
220, 0.0437555
230, 0.0426265
240, 0.0395711
250, 0.0367301
260, 0.0342289
270, 0.0319538
280, 0.0299769
290, 0.0281631
300, 0.0265452
310, 0.0250897
320, 0.0237456
330, 0.0226626
340, 0.0214705
350, 0.0204346
360, 0.0194712
370, 0.0185666
380, 0.017757
390, 0.0170088
400, 0.01631
410, 0.0156279
420, 0.0176593
430, 0.0169304
440, 0.0164877
450, 0.0158061
460, 0.0151767
470, 0.014593
480, 0.014054
490, 0.0135459
500, 0.0130513
510, 0.0126064
520, 0.0122194
530, 0.0118268
540, 0.0129349
550, 0.0125139
560, 0.0122215
570, 0.0118445
580, 0.0114708
590, 0.0114152
600, 0.0111201
610, 0.0108097
620, 0.0143249
630, 0.0139148
640, 0.0135214
650, 0.0131855
660, 0.0128282
670, 0.0124796
680, 0.012563
690, 0.0122477
700, 0.0119262
710, 0.0116562
720, 0.0113891
730, 0.0111111
740, 0.0108518
750, 0.0107142
760, 0.0105201
770, 0.0102778
780, 0.0100605
790, 0.00982621
800, 0.00962617
810, 0.00941015
820, 0.00919949
830, 0.00900982
840, 0.00881905
850, 0.00863692
860, 0.00849505
870, 0.00831603
880, 0.00814435
890, 0.00798861
900, 0.00783086
910, 0.00768635
920, 0.00754351
930, 0.00740798
940, 0.00726658
950, 0.00712797
960, 0.0069946
970, 0.00720317
980, 0.00708171
990, 0.00695316
1000, 0.00683824
1010, 0.0067437
1020, 0.00663374
1030, 0.00651477
1040, 0.00640563
1050, 0.00629627
1060, 0.00618978
1070, 0.00608916
1080, 0.0059887
1090, 0.00589019
1100, 0.0057961
1110, 0.00572282
1120, 0.00563541
1130, 0.00554671
1140, 0.00546274
1150, 0.00538015
1160, 0.00530338
1170, 0.00522651
1180, 0.00514778
1190, 0.0050806
1200, 0.00508913
1210, 0.00501204
1220, 0.00495004
1230, 0.00488561
1240, 0.00484536
1250, 0.00478335
1260, 0.00471635
1270, 0.0046511
1280, 0.0045903
1290, 0.00452576
1300, 0.00446628
1310, 0.00440501
1320, 0.00434572
1330, 0.00429105
1340, 0.00424907
1350, 0.00419566
1360, 0.00415419
1370, 0.00410214
1380, 0.00404821
1390, 0.00399759
1400, 0.0039455
1410, 0.00389621
1420, 0.00384746
1430, 0.00380048
1440, 0.00376018
1450, 0.0037203
1460, 0.00367634
1470, 0.00363512
1480, 0.00363253
1490, 0.00359736
1500, 0.00355653
1510, 0.00351517
1520, 0.00347406
1530, 0.00343298
1540, 0.00339467
1550, 0.00336095
1560, 0.00332562
1570, 0.00329363
1580, 0.00325928
1590, 0.00322442
1600, 0.00318952
1610, 0.00317351
1620, 0.00314372
1630, 0.00311405
1640, 0.00307981
1650, 0.00304833
1660, 0.00301608
1670, 0.00300114
1680, 0.00297514
1690, 0.00294909
1700, 0.00293212
1710, 0.00290264
1720, 0.00287674
1730, 0.00285015
1740, 0.00282711
1750, 0.00281951
1760, 0.00279471
1770, 0.00276891
1780, 0.00274355
1790, 0.00274476
1800, 0.00272138
1810, 0.00269817
1820, 0.00267509
1830, 0.00268509
1840, 0.0026687
1850, 0.00264491
1860, 0.0026212
1870, 0.00260668
1880, 0.00258264
1890, 0.00256185
1900, 0.00253884
1910, 0.00251614
1920, 0.00249856
1930, 0.00247684
1940, 0.00250808
1950, 0.00248499
1960, 0.0024638
1970, 0.00244154
1980, 0.00242965
1990, 0.00240873
2000, 0.00238866
2010, 0.00237012
2020, 0.00235459
2030, 0.00235658
2040, 0.00233679
2050, 0.00232319
2060, 0.00230624
2070, 0.00228834
2080, 0.00226902
2090, 0.00225125
2100, 0.0023284
