10, 0.00122195
20, 0.000618748
30, 0.000413383
40, 0.0003101
50, 0.000248004
60, 0.000206745
70, 0.00017724
80, 0.000155145
90, 0.000137913
100, 0.000124164
110, 0.000112867
120, 0.00010347
130, 9.55149e-05
140, 8.87062e-05
150, 8.27948e-05
160, 7.76237e-05
170, 7.30625e-05
180, 6.89969e-05
190, 6.53707e-05
200, 6.2103e-05
210, 5.91471e-05
220, 5.64628e-05
230, 5.40067e-05
240, 5.17524e-05
250, 4.96879e-05
260, 4.77744e-05
270, 4.60056e-05
280, 4.43634e-05
290, 4.28352e-05
300, 4.14109e-05
310, 4.00758e-05
320, 3.88248e-05
330, 3.76486e-05
340, 3.65402e-05
350, 3.54963e-05
360, 3.45099e-05
370, 3.35745e-05
380, 3.26917e-05
390, 3.18546e-05
400, 3.10578e-05
410, 3.02998e-05
420, 2.95783e-05
430, 2.88914e-05
440, 2.82368e-05
450, 2.76068e-05
460, 2.70047e-05
470, 2.64306e-05
480, 2.5882e-05
490, 2.53537e-05
500, 2.48474e-05
510, 2.43598e-05
520, 2.3892e-05
530, 2.34423e-05
540, 2.30075e-05
550, 2.25897e-05
560, 2.21866e-05
570, 2.1797e-05
580, 2.14211e-05
590, 2.10582e-05
600, 2.07078e-05
610, 2.03683e-05
620, 2.00405e-05
630, 1.97226e-05
640, 1.94152e-05
650, 1.91161e-05
660, 1.88268e-05
670, 1.85462e-05
680, 1.82733e-05
690, 1.80082e-05
700, 1.7751e-05
710, 1.75005e-05
720, 1.72571e-05
730, 1.70208e-05
740, 1.6791e-05
750, 1.65673e-05
760, 1.63489e-05
770, 1.61364e-05
780, 1.59293e-05
790, 1.57276e-05
800, 1.55303e-05
810, 1.53383e-05
820, 1.51514e-05
830, 1.49687e-05
840, 1.47905e-05
850, 1.46165e-05
860, 1.44466e-05
870, 1.42802e-05
880, 1.41188e-05
890, 1.39597e-05
900, 1.3805e-05
910, 1.36537e-05
920, 1.35055e-05
930, 1.33601e-05
940, 1.32186e-05
950, 1.30788e-05
960, 1.29426e-05
970, 1.2809e-05
980, 1.2678e-05
990, 1.25502e-05
1000, 1.24245e-05
1010, 1.23013e-05
1020, 1.21808e-05
1030, 1.20629e-05
1040, 1.19464e-05
1050, 1.18328e-05
1060, 1.17208e-05
1070, 1.16107e-05
1080, 1.15036e-05
1090, 1.13978e-05
1100, 1.12943e-05
1110, 1.11924e-05
1120, 1.1093e-05
1130, 1.09943e-05
1140, 1.08976e-05
1150, 1.0803e-05
1160, 1.07098e-05
1170, 1.06181e-05
1180, 1.05285e-05
1190, 1.04394e-05
1200, 1.03526e-05
1210, 1.02671e-05
1220, 1.01831e-05
1230, 1.01001e-05
1240, 1.00184e-05
1250, 9.93825e-06
1260, 9.85955e-06
1270, 9.78163e-06
1280, 9.70542e-06
1290, 9.62998e-06
1300, 9.55621e-06
1310, 9.48306e-06
1320, 9.41123e-06
1330, 9.34043e-06
1340, 9.27067e-06
1350, 9.2021e-06
1360, 9.13426e-06
1370, 9.06771e-06
1380, 9.00198e-06
1390, 8.93718e-06
1400, 8.8733e-06
1410, 8.81064e-06
1420, 8.74844e-06
1430, 8.68711e-06
1440, 8.62689e-06
1450, 8.5673e-06
1460, 8.50873e-06
1470, 8.45086e-06
1480, 8.39368e-06
1490, 8.33725e-06
1500, 8.28182e-06
1510, 8.22685e-06
1520, 8.17271e-06
1530, 8.11928e-06
1540, 8.06644e-06
1550, 8.01467e-06
1560, 7.96312e-06
1570, 7.91243e-06
1580, 7.86263e-06
1590, 7.81289e-06
1600, 7.76425e-06
1610, 7.71602e-06
1620, 7.66851e-06
1630, 7.62159e-06
1640, 7.57513e-06
1650, 7.52904e-06
1660, 7.48394e-06
1670, 7.43888e-06
1680, 7.39497e-06
1690, 7.35114e-06
1700, 7.30778e-06
1710, 7.26509e-06
1720, 7.22282e-06
1730, 7.18099e-06
1740, 7.13969e-06
1750, 7.09916e-06
1760, 7.05868e-06
1770, 7.01877e-06
1780, 6.97941e-06
1790, 6.94033e-06
1800, 6.90172e-06
1810, 6.8638e-06
1820, 6.8261e-06
1830, 6.78882e-06
1840, 6.75183e-06
1850, 6.71547e-06
1860, 6.67941e-06
1870, 6.6434e-06
1880, 6.60833e-06
1890, 6.57327e-06
1900, 6.53867e-06
1910, 6.50452e-06
1920, 6.47058e-06
1930, 6.43713e-06
1940, 6.40407e-06
1950, 6.37126e-06
1960, 6.33869e-06
1970, 6.30657e-06
1980, 6.27467e-06
1990, 6.24327e-06
2000, 6.21179e-06
2010, 6.18096e-06
2020, 6.15021e-06
2030, 6.11998e-06
2040, 6.08999e-06
