10, 0.0802396
20, 0.0421735
30, 0.0284196
40, 0.0214741
50, 0.0170064
60, 0.0140957
70, 0.0120303
80, 0.0105197
90, 0.00934621
100, 0.00839085
110, 0.00761393
120, 0.0069662
130, 0.00643172
140, 0.0059987
150, 0.00559128
160, 0.00524199
170, 0.00493477
180, 0.00466402
190, 0.00441566
200, 0.0041928
210, 0.00399664
220, 0.00382861
230, 0.00367588
240, 0.00352248
250, 0.00337938
260, 0.00324811
270, 0.00313084
280, 0.00301337
290, 0.00291353
300, 0.00281404
310, 0.0027227
320, 0.00264442
330, 0.00256157
340, 0.00248334
350, 0.00241358
360, 0.00235222
370, 0.00228841
380, 0.00222608
390, 0.00217302
400, 0.00212175
410, 0.00206989
420, 0.00202081
430, 0.00197374
440, 0.0019272
450, 0.00188431
460, 0.00184132
470, 0.00180096
480, 0.00176662
490, 0.00172997
500, 0.00169546
510, 0.00166089
520, 0.00162892
530, 0.00159935
540, 0.0015695
550, 0.00154083
560, 0.00151679
570, 0.00148998
580, 0.00146414
590, 0.00143932
600, 0.00141545
610, 0.00139288
620, 0.00136988
630, 0.00134814
640, 0.00132743
650, 0.00130682
660, 0.0012882
670, 0.00127159
680, 0.00125332
690, 0.0012356
700, 0.00121829
710, 0.00120106
720, 0.00118377
730, 0.00116801
740, 0.00115184
750, 0.00113615
760, 0.00112128
770, 0.00110643
780, 0.00109386
790, 0.00107957
800, 0.00106728
810, 0.00105342
820, 0.00104038
830, 0.00103822
840, 0.00102539
850, 0.00101259
860, 0.00100046
870, 0.000988999
880, 0.000977614
890, 0.00096618
900, 0.000955318
910, 0.000944759
920, 0.000934004
930, 0.000924086
940, 0.00091402
950, 0.000904272
960, 0.000895156
