10, 5.55008e-13
20, 2.62894e-13
30, 1.72241e-13
40, 1.28078e-13
50, 1.0194e-13
60, 8.46602e-14
70, 7.23916e-14
80, 6.32285e-14
90, 5.61235e-14
100, 5.04548e-14
110, 4.58262e-14
120, 4.1975e-14
130, 3.87206e-14
140, 3.59355e-14
150, 3.35239e-14
160, 3.14149e-14
170, 2.95563e-14
180, 2.79049e-14
190, 2.64284e-14
200, 2.51006e-14
210, 2.38998e-14
220, 2.28083e-14
230, 2.18122e-14
240, 2.08998e-14
250, 2.00604e-14
260, 1.92857e-14
270, 1.85689e-14
280, 1.79031e-14
290, 1.72837e-14
300, 1.67059e-14
310, 1.61649e-14
320, 1.56585e-14
330, 1.51823e-14
340, 1.47343e-14
350, 1.43125e-14
360, 1.39136e-14
370, 1.35367e-14
380, 1.31794e-14
390, 1.28407e-14
400, 1.25188e-14
410, 1.22126e-14
420, 1.19214e-14
430, 1.16433e-14
440, 1.13781e-14
450, 1.11248e-14
460, 1.08824e-14
470, 1.06504e-14
480, 1.04279e-14
490, 1.02147e-14
500, 1.00101e-14
510, 9.81348e-15
520, 9.62426e-15
530, 9.44247e-15
540, 9.26706e-15
550, 9.09837e-15
560, 8.93555e-15
570, 8.77847e-15
580, 8.62691e-15
590, 8.48055e-15
600, 8.33895e-15
610, 8.20203e-15
620, 8.06945e-15
630, 7.94113e-15
640, 7.81696e-15
650, 7.69648e-15
660, 7.57967e-15
670, 7.46638e-15
680, 7.35648e-15
690, 7.24963e-15
700, 7.14597e-15
710, 7.04505e-15
720, 6.94723e-15
730, 6.85179e-15
740, 6.75922e-15
750, 6.66897e-15
760, 6.581e-15
770, 6.49541e-15
780, 6.41216e-15
790, 6.33078e-15
800, 6.25157e-15
810, 6.17428e-15
820, 6.09885e-15
830, 6.0253e-15
840, 5.95357e-15
850, 5.88342e-15
860, 5.81493e-15
870, 5.748e-15
880, 5.68258e-15
890, 5.61869e-15
900, 5.5562e-15
910, 5.49504e-15
920, 5.43532e-15
930, 5.37678e-15
940, 5.31949e-15
950, 5.26343e-15
960, 5.20851e-15
970, 5.15479e-15
980, 5.10216e-15
990, 5.05058e-15
1000, 4.99997e-15
1010, 4.95051e-15
1020, 4.90187e-15
1030, 4.85425e-15
1040, 4.80747e-15
1050, 4.76173e-15
1060, 4.71669e-15
1070, 4.67258e-15
1080, 4.62927e-15
1090, 4.58682e-15
1100, 4.54503e-15
1110, 4.50407e-15
1120, 4.46387e-15
1130, 4.42433e-15
1140, 4.38544e-15
1150, 4.34726e-15
1160, 4.30974e-15
1170, 4.27289e-15
1180, 4.2366e-15
1190, 4.20105e-15
1200, 4.16594e-15
1210, 4.1315e-15
1220, 4.09762e-15
1230, 4.06432e-15
1240, 4.03147e-15
1250, 3.99925e-15
1260, 3.96747e-15
1270, 3.93616e-15
1280, 3.90537e-15
1290, 3.87512e-15
1300, 3.84529e-15
1310, 3.81592e-15
1320, 3.787e-15
1330, 3.75844e-15
1340, 3.73042e-15
1350, 3.70279e-15
1360, 3.6755e-15
1370, 3.64861e-15
1380, 3.62216e-15
1390, 3.59609e-15
1400, 3.57041e-15
1410, 3.54509e-15
1420, 3.5201e-15
1430, 3.49547e-15
1440, 3.47119e-15
1450, 3.44718e-15
1460, 3.42356e-15
1470, 3.40026e-15
1480, 3.37732e-15
1490, 3.35458e-15
1500, 3.33223e-15
1510, 3.31016e-15
1520, 3.28836e-15
1530, 3.26689e-15
1540, 3.24564e-15
1550, 3.2247e-15
1560, 3.20398e-15
1570, 3.18355e-15
1580, 3.16339e-15
1590, 3.14348e-15
1600, 3.12383e-15
1610, 3.10441e-15
1620, 3.08522e-15
1630, 3.0663e-15
1640, 3.04756e-15
1650, 3.02911e-15
1660, 3.01082e-15
1670, 2.99279e-15
1680, 2.97497e-15
1690, 2.9574e-15
1700, 2.93999e-15
1710, 2.92277e-15
1720, 2.90575e-15
1730, 2.88894e-15
1740, 2.87234e-15
1750, 2.8559e-15
1760, 2.8397e-15
1770, 2.82367e-15
1780, 2.80776e-15
1790, 2.79209e-15
1800, 2.77655e-15
1810, 2.76121e-15
1820, 2.74604e-15
1830, 2.73102e-15
1840, 2.71614e-15
1850, 2.70145e-15
1860, 2.68696e-15
1870, 2.67257e-15
1880, 2.65833e-15
1890, 2.64424e-15
1900, 2.6303e-15
1910, 2.61655e-15
1920, 2.60293e-15
1930, 2.58942e-15
1940, 2.57607e-15
1950, 2.56284e-15
1960, 2.54977e-15
1970, 2.53681e-15
1980, 2.52401e-15
1990, 2.51133e-15
2000, 2.49876e-15
2010, 2.48631e-15
2020, 2.47399e-15
2030, 2.46182e-15
2040, 2.44973e-15
