10, 0.899997
20, 0.899997
30, 0.899997
40, 0.899997
50, 0.899997
60, 0.899997
70, 0.899997
80, 0.899997
90, 0.899997
100, 0.899997
110, 0.899997
120, 0.899997
130, 0.899997
140, 0.899997
150, 0.899997
160, 0.899997
170, 0.899997
180, 0.899997
190, 0.899997
200, 0.899997
210, 0.899997
220, 0.899997
230, 0.899997
240, 0.899997
250, 0.899997
260, 0.899997
270, 0.899997
280, 0.899997
290, 0.899997
300, 0.899997
310, 0.899997
320, 0.899997
330, 0.899997
340, 0.899997
350, 0.899997
360, 0.899997
370, 0.899997
380, 0.899997
390, 0.899997
400, 0.899997
410, 0.899997
420, 0.899997
430, 0.899997
440, 0.899997
450, 0.899997
460, 0.899997
470, 0.899997
480, 0.899997
490, 0.899997
500, 0.899997
510, 0.899997
520, 0.899997
530, 0.899997
540, 0.899997
550, 0.899997
560, 0.899997
570, 0.899997
580, 0.899997
590, 0.899997
600, 0.899997
610, 0.899997
620, 0.899997
630, 0.899997
640, 0.899997
650, 0.899997
660, 0.899997
670, 0.899997
680, 0.899997
690, 0.899997
700, 0.899997
710, 0.899997
720, 0.899997
730, 0.899997
740, 0.899997
750, 0.899997
760, 0.899997
770, 0.899997
780, 0.899997
790, 0.899997
800, 0.899997
810, 0.899997
820, 0.899997
830, 0.899997
840, 0.899997
850, 0.899997
860, 0.899997
870, 0.899997
880, 0.899997
890, 0.899997
900, 0.899997
910, 0.899997
920, 0.899997
930, 0.899997
940, 0.899997
950, 0.899997
960, 0.899997
970, 0.899997
980, 0.899997
990, 0.899997
1000, 0.899997
1010, 0.899997
1020, 0.899997
1030, 0.899997
1040, 0.899997
1050, 0.899997
1060, 0.899997
1070, 0.899997
1080, 0.899997
1090, 0.899997
1100, 0.899997
1110, 0.899997
1120, 0.899997
1130, 0.899997
1140, 0.899997
1150, 0.899997
1160, 0.899997
1170, 0.899997
1180, 0.899997
1190, 0.899997
1200, 0.899997
1210, 0.899997
1220, 0.899997
1230, 0.899997
1240, 0.899997
1250, 0.899997
1260, 0.899997
1270, 0.899997
1280, 0.899997
1290, 0.899997
1300, 0.899997
1310, 0.899997
1320, 0.899997
1330, 0.899997
1340, 0.899997
1350, 0.899997
1360, 0.899997
1370, 0.899997
1380, 0.899997
1390, 0.899997
1400, 0.899997
1410, 0.899997
1420, 0.899997
1430, 0.899997
1440, 0.899997
1450, 0.899997
1460, 0.899997
1470, 0.899997
1480, 0.899997
1490, 0.899997
1500, 0.899997
1510, 0.899997
1520, 0.899997
1530, 0.899997
1540, 0.899997
1550, 0.899997
1560, 0.899997
1570, 0.899997
1580, 0.899997
1590, 0.899997
1600, 0.899997
1610, 0.899997
1620, 0.899997
1630, 0.899997
1640, 0.899997
1650, 0.899997
1660, 0.899997
1670, 0.899997
1680, 0.899997
1690, 0.899997
1700, 0.899997
1710, 0.899997
1720, 0.899997
1730, 0.899997
1740, 0.899997
1750, 0.899997
1760, 0.899997
1770, 0.899997
1780, 0.899997
1790, 0.899997
1800, 0.899997
1810, 0.899997
1820, 0.899997
1830, 0.899997
1840, 0.899997
1850, 0.899997
1860, 0.899997
1870, 0.899997
1880, 0.899997
1890, 0.899997
1900, 0.899997
1910, 0.899997
1920, 0.899997
1930, 0.899997
1940, 0.899997
1950, 0.899997
1960, 0.899997
1970, 0.899997
1980, 0.899997
1990, 0.899997
2000, 0.899997
2010, 0.899997
2020, 0.899997
2030, 0.899997
2040, 0.899997
